baseline,error,test_acc,test_precision,test_recall,test_f1
arnet2,,0.774577,0.387288,0.500000,0.436485
rawecgnet,,0.508613,0.653376,0.679767,0.506740
wang2021,,0.535492,0.660348,0.697585,0.531874
kraft2025,,0.487823,0.651845,0.668682,0.487087
fleury2024,,0.560440,0.664414,0.711587,0.554493
