{
  "checkpoint": "E:\\Study\\FK-ECG_fuzzy_v1\\aflike_v1_starter\\ablation_Af_AFL\\revision_pack\\evidence_runs\\split_first_seed42\\af_vs_afl_afdb_ltafdb.pt",
  "dataset": "PTB-XL AF/AFL external",
  "test_csv": "E:\\Study\\FK-ECG_fuzzy_v1\\aflike_v1_starter\\data\\precompute_features\\ptbxl\\features\\ptbxl_af_afl_with_features.csv",
  "n": 104,
  "n_af": 48,
  "n_afl": 56,
  "threshold": 0.5527999997138977,
  "acc": 0.6730769230769231,
  "afl_precision": 0.7894736842105055,
  "afl_recall": 0.5357142857142762,
  "afl_f1": 0.6382978723399303,
  "cm": [
    [
      40,
      8
    ],
    [
      26,
      30
    ]
  ],
  "macro_f1": 0.6700261241772048,
  "ci95_sample_bootstrap_2000": {
    "acc": [
      0.5865384615384616,
      0.7596153846153846
    ],
    "afl_precision": [
      0.6571428571428384,
      0.9142857142856882
    ],
    "afl_recall": [
      0.3999999999999927,
      0.6666666666666543
    ],
    "afl_f1": [
      0.5168191822073146,
      0.7454545454540424
    ],
    "macro_f1": [
      0.5772688189672922,
      0.7585214080059441
    ]
  }
}