{
  "checkpoint": "outputs_main_af_vs_afl/af_vs_afl_afdb_ltafdb.pt",
  "note": "Legacy aug-first checkpoint; external PTB-XL eval before split-first retrain",
  "dataset": "PTB-XL AF/AFL external",
  "test_csv": "data/precompute_features/ptbxl/features/ptbxl_af_afl_with_features.csv",
  "n": 104,
  "n_af": 48,
  "n_afl": 56,
  "threshold": 0.519599974155426,
  "acc": 0.7019230769230769,
  "afl_precision": 0.8048780487804681,
  "afl_recall": 0.5892857142857038,
  "afl_f1": 0.6804123711335185,
  "macro_f1": 0.7005665408977324,
  "cm": [
    [
      40,
      8
    ],
    [
      23,
      33
    ]
  ],
  "ci95_sample_bootstrap_2000": {
    "acc": [
      0.6153846153846154,
      0.7884615384615384
    ],
    "afl_precision": [
      0.6808510638297727,
      0.920026315789455
    ],
    "afl_recall": [
      0.4590163934426154,
      0.7200327868852313
    ],
    "afl_f1": [
      0.5624824438197439,
      0.7826311071263415
    ],
    "macro_f1": [
      0.608286252354049,
      0.7872023809523809
    ]
  }
}