{
  "ours_full": 0.5303800106048584,
  "ours_neural_only_no_gate": 0.7028599977493286,
  "ours_no_quality_input": 0.5705599784851074,
  "ours_fixed_fusion_alpha030": 0.5548800230026245,
  "fuzzy_logits_only": 0.2549999952316284,
  "arnet2": 0.009999999776482582,
  "rawecgnet": 0.9900000095367432,
  "wang2021": 0.9753000140190125,
  "kraft2025": 0.9900000095367432,
  "fleury2024": 0.9272800087928772
}